org_key,year,event_key,match_key,match_number,time,alliance,team_key,startingPosition,autofuel,AutoSetsOfFuel,Autofuelpassed,AutoPassingSetsOfFuel,AutoClimb,SingleFuel,SetsOfFuel,fuelpassed,PassingSetsOfFuel,PassfuelNeutral,PassfuelOpposing,Defense,climbingStartTime,climbingStopTime,Climb,diedDuringMatch,recoveredFromFreeze,autoclimb,totalEndgamePoints,totalAutoPoints,totalTeleopPoints,contributedPoints,totalAutofuelscored,totalTeleopfuelscored,totalfuelscored,TotalAutofuelPassed,TotalTeleopfuelPassed,Totalfuelpassed,ClimbTime,Reliability
steelcity,2026,2026paca,2026paca_qm1,1,3/20/2026 12:50:00 PM,red,frc63,"Middle","4","1","0","0","Did not climb","0","0","3","1","1","0","0","20","10","L1","0","0","0","10","9","0","19","9","0","9","0","8","8","10","1"
steelcity,2026,2026paca,2026paca_qm1,1,3/20/2026 12:50:00 PM,red,frc3484,"Outpost Side","0","0","1","1","Did not climb","2","3","1","3","1","1","0","0","0","Did not climb","0","0","0","0","0","17","17","0","17","17","6","16","22","0","1"
steelcity,2026,2026paca,2026paca_qm1,1,3/20/2026 12:50:00 PM,blue,frc117,"Depot Side","0","0","0","0","Did not climb","3","14","0","0","1","1","0","0","0","Did not climb","0","0","0","0","0","73","73","0","73","73","0","0","0","0","1"
steelcity,2026,2026paca,2026paca_qm1,1,3/20/2026 12:50:00 PM,blue,frc4467,"Outpost Side","12","2","0","0","Did not climb","0","17","0","7","1","0","0","0","0","Did not climb","0","0","0","0","22","85","107","22","85","107","0","35","35","0","1"
steelcity,2026,2026paca,2026paca_qm1,1,3/20/2026 12:50:00 PM,red,frc9406,"Depot Side","0","5","0","0","Did not climb","0","24","0","0","0","1","1","0","0","Did not climb","0","0","0","0","25","120","145","25","120","145","0","0","0","0","1"
steelcity,2026,2026paca,2026paca_qm1,1,3/20/2026 12:50:00 PM,blue,frc3504,"Middle","3","4","0","0","Did not climb","1","0","0","0","0","0","1","0","0","Did not climb","0","0","0","0","23","1","24","23","1","24","0","0","0","0","1"
steelcity,2026,2026paca,2026paca_qm2,2,3/20/2026 1:00:00 PM,red,frc9653,"Middle","0","0","0","0","Did not climb","0","0","5","0","0","0","0","0","0","Did not climb","0","0","0","0","0","0","0","0","0","0","0","5","5","0","1"
steelcity,2026,2026paca,2026paca_qm2,2,3/20/2026 1:00:00 PM,red,frc1816,"Depot Side","4","1","0","0","Did not climb","1","17","0","0","1","0","1","0","0","Did not climb","0","0","0","0","9","86","95","9","86","95","0","0","0","0","1"
steelcity,2026,2026paca,2026paca_qm2,2,3/20/2026 1:00:00 PM,blue,frc8705,"Middle","0","0","0","0","Did not climb","1","3","1","1","1","0","0","42","0","L2","0","0","0","20","0","16","36","0","16","16","0","6","6","42","1"
steelcity,2026,2026paca,2026paca_qm2,2,3/20/2026 1:00:00 PM,blue,frc6032,"Middle","3","1","0","0","Did not climb","0","0","11","5","1","0","0","0","0","Did not climb","0","0","0","0","8","0","8","8","0","8","0","36","36","0","1"
steelcity,2026,2026paca,2026paca_qm2,2,3/20/2026 1:00:00 PM,blue,frc4150,"Outpost Side","1","0","0","0","Did not climb","2","1","0","0","0","0","0","0","0","Did not climb","0","0","0","0","1","7","8","1","7","8","0","0","0","0","1"
steelcity,2026,2026paca,2026paca_qm2,2,3/20/2026 1:00:00 PM,red,frc3260,"Outpost Side","1","0","0","0","Did not climb","4","0","8","1","1","0","0","0","0","Did not climb","0","0","0","0","1","4","5","1","4","5","0","13","13","0","1"
steelcity,2026,2026paca,2026paca_qm3,3,3/20/2026 1:10:00 PM,red,frc4269,"Depot Side","0","0","0","0","Did not climb","0","0","0","0","1","0","1","0","0","Did not climb","0","0","0","0","0","0","0","0","0","0","0","0","0","0","1"
steelcity,2026,2026paca,2026paca_qm3,3,3/20/2026 1:10:00 PM,red,frc7515,"Middle","0","0","0","0","Did not climb","0","0","0","0","0","0","1","8","3","L1","0","1","0","10","0","0","10","0","0","0","0","0","0","5","1.5"
steelcity,2026,2026paca,2026paca_qm3,3,3/20/2026 1:10:00 PM,red,frc709,"Outpost Side","0","0","0","0","L1","0","0","8","4","0","0","0","12","3","L1","0","0","15","10","15","0","25","0","0","0","0","28","28","9","1"
steelcity,2026,2026paca,2026paca_qm3,3,3/20/2026 1:10:00 PM,blue,frc2095,"Outpost Side","0","0","0","0","Did not climb","2","1","0","0","0","1","1","0","0","Did not climb","0","1","0","0","0","7","7","0","7","7","0","0","0","0","1.5"
steelcity,2026,2026paca,2026paca_qm3,3,3/20/2026 1:10:00 PM,blue,frc3324,"Outpost Side","0","0","0","0","Did not climb","2","0","1","0","0","0","1","0","0","Did not climb","0","0","0","0","0","2","2","0","2","2","0","1","1","0","1"
steelcity,2026,2026paca,2026paca_qm3,3,3/20/2026 1:10:00 PM,blue,frc9415,"Middle","0","0","0","0","Did not climb","1","4","0","0","0","0","0","0","0","Did not climb","0","0","0","0","0","21","21","0","21","21","0","0","0","0","1"
steelcity,2026,2026paca,2026paca_qm4,4,3/20/2026 1:20:00 PM,red,frc3015,"Outpost Side","0","14","0","0","Did not climb","0","34","0","0","0","0","0","0","0","Did not climb","0","0","0","0","70","170","240","70","170","240","0","0","0","0","1"
steelcity,2026,2026paca,2026paca_qm4,4,3/20/2026 1:20:00 PM,blue,frc1708,"Depot Side","0","0","0","0","Did not climb","4","5","0","0","0","0","0","0","0","Did not climb","1","1","0","0","0","29","29","0","29","29","0","0","0","0","0.5"
steelcity,2026,2026paca,2026paca_qm4,4,3/20/2026 1:20:00 PM,blue,frc3173,"Depot Side","6","2","2","2","Did not climb","31","0","2","2","1","0","0","0","0","Did not climb","0","1","0","0","16","31","47","16","31","47","12","12","24","0","1.5"
steelcity,2026,2026paca,2026paca_qm4,4,3/20/2026 1:20:00 PM,blue,frc2614,"Not There","0","0","0","0","Did not climb","0","0","0","0","0","0","0","0","0","Did not climb","0","0","0","0","0","0","0","0","0","0","0","0","0","0","1"
steelcity,2026,2026paca,2026paca_qm4,4,3/20/2026 1:20:00 PM,red,frc9475,"Depot Side","0","0","0","0","Did not climb","0","0","0","0","0","0","1","0","0","Did not climb","0","0","0","0","0","0","0","0","0","0","0","0","0","0","1"
steelcity,2026,2026paca,2026paca_qm4,4,3/20/2026 1:20:00 PM,red,frc10513,"Middle","0","0","0","0","Did not climb","0","0","0","0","0","0","1","40","0","Did not climb","1","0","0","0","0","0","0","0","0","0","0","0","0","40","0"
steelcity,2026,2026paca,2026paca_qm5,5,3/20/2026 1:30:00 PM,red,frc7274,"Middle","4","1","0","0","Did not climb","2","0","0","0","0","0","0","0","0","Did not climb","0","1","0","0","9","2","11","9","2","11","0","0","0","0","1.5"
steelcity,2026,2026paca,2026paca_qm5,5,3/20/2026 1:30:00 PM,red,frc2010,"Depot Side","0","0","0","0","Did not climb","2","0","0","0","0","0","0","0","0","Did not climb","1","1","0","0","0","2","2","0","2","2","0","0","0","0","0.5"
steelcity,2026,2026paca,2026paca_qm5,5,3/20/2026 1:30:00 PM,red,frc10300,"Not There","0","0","0","0","Did not climb","0","0","0","0","0","0","0","0","0","Did not climb","0","0","0","0","0","0","0","0","0","0","0","0","0","0","1"
steelcity,2026,2026paca,2026paca_qm5,5,3/20/2026 1:30:00 PM,blue,frc1511,"Outpost Side","0","0","0","0","Did not climb","0","0","0","0","0","0","0","0","0","Did not climb","1","0","0","0","0","0","0","0","0","0","0","0","0","0","0"
steelcity,2026,2026paca,2026paca_qm5,5,3/20/2026 1:30:00 PM,blue,frc2656,"Outpost Side","0","0","0","0","Did not climb","0","8","0","0","0","0","0","0","0","Did not climb","0","0","0","0","0","40","40","0","40","40","0","0","0","0","1"
steelcity,2026,2026paca,2026paca_qm5,5,3/20/2026 1:30:00 PM,blue,frc5667,"Middle","0","0","0","0","Did not climb","6","14","0","0","0","0","1","0","0","Did not climb","0","0","0","0","0","76","76","0","76","76","0","0","0","0","1"
steelcity,2026,2026paca,2026paca_qm6,6,3/20/2026 1:40:00 PM,red,frc9642,"Not There","0","0","0","0","Did not climb","0","0","0","0","0","0","0","0","0","Did not climb","0","0","0","0","0","0","0","0","0","0","0","0","0","0","1"
steelcity,2026,2026paca,2026paca_qm6,6,3/20/2026 1:40:00 PM,blue,frc1317,"Outpost Side","1","0","0","0","Did not climb","3","4","0","0","0","0","0","9","0","Did not climb","0","0","0","0","1","23","24","1","23","24","0","0","0","9","1"
steelcity,2026,2026paca,2026paca_qm6,6,3/20/2026 1:40:00 PM,blue,frc11456,"Middle","2","0","0","0","Did not climb","2","0","0","0","1","0","0","0","0","Did not climb","1","0","0","0","2","2","4","2","2","4","0","0","0","0","0"
steelcity,2026,2026paca,2026paca_qm6,6,3/20/2026 1:40:00 PM,red,frc340,"Outpost Side","2","6","0","1","Did not climb","0","26","0","3","0","0","0","0","0","Did not climb","0","0","0","0","32","130","162","32","130","162","5","15","20","0","1"
steelcity,2026,2026paca,2026paca_qm6,6,3/20/2026 1:40:00 PM,red,frc9022,"Depot Side","0","0","0","0","Did not climb","3","0","0","0","0","0","0","0","0","Did not climb","0","0","0","0","0","3","3","0","3","3","0","0","0","0","1"
steelcity,2026,2026paca,2026paca_qm6,6,3/20/2026 1:40:00 PM,blue,frc451,"Depot Side","0","0","0","0","Did not climb","0","0","0","0","0","0","0","0","0","Did not climb","0","0","0","0","0","0","0","0","0","0","0","0","0","0","1"
steelcity,2026,2026paca,2026paca_qm7,7,3/20/2026 1:50:00 PM,red,frc3990,"Outpost Side","0","7","0","0","Did not climb","2","29","0","8","1","0","0","0","0","Did not climb","0","0","0","0","35","147","182","35","147","182","0","40","40","0","1"
steelcity,2026,2026paca,2026paca_qm7,7,3/20/2026 1:50:00 PM,red,frc5740,"Depot Side","4","0","0","0","Did not climb","6","2","0","0","0","0","0","0","0","Did not climb","0","0","0","0","4","16","20","4","16","20","0","0","0","0","1"
steelcity,2026,2026paca,2026paca_qm7,7,3/20/2026 1:50:00 PM,red,frc2641,"Depot Side","2","0","0","0","Did not climb","0","0","0","0","0","0","0","0","0","Did not climb","0","0","0","0","2","0","2","2","0","2","0","0","0","0","1"
steelcity,2026,2026paca,2026paca_qm7,7,3/20/2026 1:50:00 PM,blue,frc10515,"Middle","0","0","0","0","Did not climb","2","0","0","0","0","0","0","0","0","Did not climb","0","0","0","0","0","2","2","0","2","2","0","0","0","0","1"
steelcity,2026,2026paca,2026paca_qm7,7,3/20/2026 1:50:00 PM,blue,frc4027,"Outpost Side","0","0","0","0","Did not climb","0","0","0","0","0","0","0","0","0","Did not climb","1","0","0","0","0","0","0","0","0","0","0","0","0","0","0"
steelcity,2026,2026paca,2026paca_qm7,7,3/20/2026 1:50:00 PM,blue,frc10582,"Depot Side","0","0","0","0","Did not climb","6","0","0","0","0","0","0","0","0","Did not climb","0","0","0","0","0","6","6","0","6","6","0","0","0","0","1"
steelcity,2026,2026paca,2026paca_qm8,8,3/20/2026 2:00:00 PM,blue,frc4991,"Depot Side","1","1","1","0","Did not climb","0","0","3","6","1","0","0","0","0","Did not climb","1","1","0","0","6","0","6","6","0","6","1","33","34","0","0.5"
steelcity,2026,2026paca,2026paca_qm8,8,3/20/2026 2:00:00 PM,blue,frc10516,"Middle","0","0","0","0","Did not climb","0","0","25","4","1","0","0","0","0","Did not climb","0","0","0","0","0","0","0","0","0","0","0","45","45","0","1"
steelcity,2026,2026paca,2026paca_qm8,8,3/20/2026 2:00:00 PM,blue,frc1601,"Outpost Side","0","0","0","0","Did not climb","6","4","1","1","1","0","0","0","0","Did not climb","0","0","0","0","0","26","26","0","26","26","0","6","6","0","1"
steelcity,2026,2026paca,2026paca_qm8,8,3/20/2026 2:00:00 PM,red,frc10512,"Middle","0","0","0","0","Did not climb","0","0","7","7","1","0","0","0","0","Did not climb","0","0","0","0","0","0","0","0","0","0","0","42","42","0","1"
steelcity,2026,2026paca,2026paca_qm8,8,3/20/2026 2:00:00 PM,red,frc2234,"Depot Side","0","0","0","0","Did not climb","4","0","0","0","0","0","0","0","0","Did not climb","0","0","0","0","0","4","4","0","4","4","0","0","0","0","1"
steelcity,2026,2026paca,2026paca_qm8,8,3/20/2026 2:00:00 PM,red,frc4028,"Depot Side","0","4","0","0","Did not climb","4","28","0","4","0","0","0","0","0","Did not climb","0","0","0","0","20","144","164","20","144","164","0","20","20","0","1"
steelcity,2026,2026paca,2026paca_qm9,9,3/20/2026 2:10:00 PM,red,frc3324,"Middle","0","0","0","0","Did not climb","0","0","0","0","0","0","0","0","0","Did not climb","1","0","0","0","0","0","0","0","0","0","0","0","0","0","0"
steelcity,2026,2026paca,2026paca_qm9,9,3/20/2026 2:10:00 PM,red,frc4050,"Depot Side","0","0","0","0","Did not climb","15","0","0","0","0","0","0","0","0","Did not climb","0","0","0","0","0","15","15","0","15","15","0","0","0","0","1"
steelcity,2026,2026paca,2026paca_qm9,9,3/20/2026 2:10:00 PM,red,frc9653,"Outpost Side","0","0","0","0","Did not climb","0","0","9","3","1","0","0","0","0","Did not climb","0","0","0","0","0","0","0","0","0","0","0","24","24","0","1"
steelcity,2026,2026paca,2026paca_qm9,9,3/20/2026 2:10:00 PM,blue,frc10517,"Not There","0","2","0","0","Did not climb","2","1","0","0","1","0","1","0","0","Did not climb","0","0","0","0","10","7","17","10","7","17","0","0","0","0","1"
steelcity,2026,2026paca,2026paca_qm9,9,3/20/2026 2:10:00 PM,blue,frc9406,"Depot Side","0","4","0","0","Did not climb","10","18","0","8","1","0","0","0","0","Did not climb","0","0","0","0","20","100","120","20","100","120","0","40","40","0","1"
steelcity,2026,2026paca,2026paca_qm9,9,3/20/2026 2:10:00 PM,blue,frc9475,"Outpost Side","0","0","0","0","Did not climb","0","0","0","0","1","0","0","0","0","Did not climb","0","0","0","0","0","0","0","0","0","0","0","0","0","0","1"
steelcity,2026,2026paca,2026paca_qm10,10,3/20/2026 2:20:00 PM,blue,frc2095,"Outpost Side","0","0","0","0","Did not climb","0","0","0","0","0","0","0","0","0","Did not climb","0","0","0","0","0","0","0","0","0","0","0","0","0","0","1"
steelcity,2026,2026paca,2026paca_qm10,10,3/20/2026 2:20:00 PM,blue,frc7274,"Middle","1","1","0","0","Did not climb","1","1","0","0","0","0","1","0","0","Did not climb","0","0","0","0","6","6","12","6","6","12","0","0","0","0","1"
steelcity,2026,2026paca,2026paca_qm10,10,3/20/2026 2:20:00 PM,blue,frc3173,"Depot Side","2","3","0","1","Did not climb","0","25","4","3","1","0","0","0","0","Did not climb","0","0","0","0","17","125","142","17","125","142","5","19","24","0","1"
steelcity,2026,2026paca,2026paca_qm10,10,3/20/2026 2:20:00 PM,red,frc9415,"Not There","1","0","0","0","Did not climb","2","2","0","0","0","0","0","0","0","Did not climb","0","0","0","0","1","12","13","1","12","13","0","0","0","0","1"
steelcity,2026,2026paca,2026paca_qm10,10,3/20/2026 2:20:00 PM,red,frc63,"Depot Side","0","0","0","0","Did not climb","10","3","0","0","0","0","0","10","1","L1","0","0","0","10","0","25","35","0","25","25","0","0","0","9","1"
steelcity,2026,2026paca,2026paca_qm10,10,3/20/2026 2:20:00 PM,red,frc8705,"Outpost Side","3","1","0","0","Did not climb","2","0","0","0","0","0","0","12","0","L2","0","0","0","20","8","2","30","8","2","10","0","0","0","12","1"
steelcity,2026,2026paca,2026paca_qm11,11,3/20/2026 2:30:00 PM,red,frc2010,"Not There","0","2","0","0","Did not climb","0","2","0","0","0","0","0","0","0","Did not climb","0","0","0","0","10","10","20","10","10","20","0","0","0","0","1"
steelcity,2026,2026paca,2026paca_qm11,11,3/20/2026 2:30:00 PM,red,frc340,"Depot Side","0","7","0","0","Did not climb","6","25","0","9","1","0","0","0","0","Did not climb","0","0","0","0","35","131","166","35","131","166","0","45","45","0","1"
steelcity,2026,2026paca,2026paca_qm11,11,3/20/2026 2:30:00 PM,red,frc709,"Middle","0","0","0","0","Did not climb","0","0","0","8","1","0","0","28","8","L2","0","0","0","20","0","0","20","0","0","0","0","40","40","20","1"
steelcity,2026,2026paca,2026paca_qm11,11,3/20/2026 2:30:00 PM,blue,frc9022,"Outpost Side","0","0","0","0","Did not climb","0","0","0","0","0","0","1","0","0","Did not climb","0","0","0","0","0","0","0","0","0","0","0","0","0","0","1"
steelcity,2026,2026paca,2026paca_qm11,11,3/20/2026 2:30:00 PM,blue,frc1708,"Outpost Side","0","0","0","0","Did not climb","7","11","0","0","0","0","0","0","123","Did not climb","0","0","0","0","0","62","62","0","62","62","0","0","0","-123","1"
steelcity,2026,2026paca,2026paca_qm11,11,3/20/2026 2:30:00 PM,blue,frc3260,"Not There","0","0","0","0","Did not climb","3","3","0","0","0","0","0","120","0","Did not climb","0","0","0","0","0","18","18","0","18","18","0","0","0","120","1"
steelcity,2026,2026paca,2026paca_qm12,12,3/20/2026 2:40:00 PM,red,frc2614,"Not There","0","5","0","0","Did not climb","4","6","0","0","0","0","0","0","0","Did not climb","0","0","0","0","25","34","59","25","34","59","0","0","0","0","1"
steelcity,2026,2026paca,2026paca_qm12,12,3/20/2026 2:40:00 PM,blue,frc5740,"Middle","0","3","0","0","Did not climb","18","15","0","0","0","0","0","0","0","Did not climb","0","0","0","0","15","93","108","15","93","108","0","0","0","0","1"
steelcity,2026,2026paca,2026paca_qm12,12,3/20/2026 2:40:00 PM,blue,frc4269,"Not There","0","1","0","0","Did not climb","0","0","0","0","0","0","0","0","0","Did not climb","1","0","0","0","5","0","5","5","0","5","0","0","0","0","0"
steelcity,2026,2026paca,2026paca_qm12,12,3/20/2026 2:40:00 PM,blue,frc1317,"Middle","0","0","0","0","Did not climb","5","2","6","2","1","0","0","0","0","Did not climb","0","0","0","0","0","15","15","0","15","15","0","16","16","0","1"
steelcity,2026,2026paca,2026paca_qm12,12,3/20/2026 2:40:00 PM,red,frc6032,"Outpost Side","0","0","0","0","Did not climb","18","0","0","1","1","0","0","0","0","Did not climb","0","0","0","0","0","18","18","0","18","18","0","5","5","0","1"
steelcity,2026,2026paca,2026paca_qm12,12,3/20/2026 2:40:00 PM,red,frc10300,"Middle","0","0","0","0","Did not climb","0","0","0","0","0","0","0","0","0","Did not climb","0","0","0","0","0","0","0","0","0","0","0","0","0","0","1"
steelcity,2026,2026paca,2026paca_qm13,13,3/20/2026 2:50:00 PM,red,frc3484,"Outpost Side","13","3","0","0","Did not climb","3","20","0","0","0","1","0","0","0","Did not climb","0","0","0","0","28","103","131","28","103","131","0","0","0","0","1"
steelcity,2026,2026paca,2026paca_qm13,13,3/20/2026 2:50:00 PM,blue,frc4991,"Not There","3","1","0","0","Did not climb","1","0","0","0","0","0","0","0","0","Did not climb","1","0","0","0","8","1","9","8","1","9","0","0","0","0","0"
steelcity,2026,2026paca,2026paca_qm13,13,3/20/2026 2:50:00 PM,blue,frc9642,"Depot Side","0","0","0","0","Did not climb","0","0","0","0","0","0","0","0","0","Did not climb","1","0","0","0","0","0","0","0","0","0","0","0","0","0","0"
steelcity,2026,2026paca,2026paca_qm13,13,3/20/2026 2:50:00 PM,blue,frc10515,"Outpost Side","0","0","0","0","Did not climb","0","0","0","0","0","0","0","0","0","Did not climb","0","0","0","0","0","0","0","0","0","0","0","0","0","0","1"
steelcity,2026,2026paca,2026paca_qm13,13,3/20/2026 2:50:00 PM,red,frc1601,"Depot Side","0","1","0","0","Did not climb","0","0","2","0","0","0","0","0","0","Did not climb","0","0","0","0","5","0","5","5","0","5","0","2","2","0","1"
steelcity,2026,2026paca,2026paca_qm13,13,3/20/2026 2:50:00 PM,red,frc5667,"Middle","2","1","0","0","Did not climb","16","2","2","0","1","0","1","0","0","Did not climb","0","0","0","0","7","26","33","7","26","33","0","2","2","0","1"
steelcity,2026,2026paca,2026paca_qm14,14,3/20/2026 3:00:00 PM,red,frc1816,"Depot Side","3","1","0","0","Did not climb","2","4","0","0","0","0","0","0","0","Did not climb","1","1","0","0","8","22","30","8","22","30","0","0","0","0","0.5"
steelcity,2026,2026paca,2026paca_qm14,14,3/20/2026 3:00:00 PM,red,frc451,"Not There","0","0","0","0","Did not climb","0","0","0","0","0","0","0","124","135","Did not climb","1","0","0","0","0","0","0","0","0","0","0","0","0","-11","0"
steelcity,2026,2026paca,2026paca_qm14,14,3/20/2026 3:00:00 PM,red,frc10516,"Outpost Side","0","0","6","0","Did not climb","0","1","7","0","0","0","0","0","0","Did not climb","0","0","0","0","0","5","5","0","5","5","6","7","13","0","1"
steelcity,2026,2026paca,2026paca_qm14,14,3/20/2026 3:00:00 PM,blue,frc4027,"Middle","3","1","0","0","Did not climb","5","15","0","1","1","0","0","0","0","Did not climb","0","0","0","0","8","80","88","8","80","88","0","5","5","0","1"
steelcity,2026,2026paca,2026paca_qm14,14,3/20/2026 3:00:00 PM,blue,frc4050,"Depot Side","0","0","0","0","Did not climb","17","0","0","6","1","0","1","7","0","L1","0","0","0","10","0","17","27","0","17","17","0","30","30","7","1"
steelcity,2026,2026paca,2026paca_qm14,14,3/20/2026 3:00:00 PM,blue,frc3504,"Outpost Side","3","1","0","1","Did not climb","3","0","2","1","1","0","0","0","0","Did not climb","0","1","0","0","8","3","11","8","3","11","5","7","12","0","1.5"
steelcity,2026,2026paca,2026paca_qm15,15,3/20/2026 3:10:00 PM,red,frc3015,"Depot Side","10","10","0","0","Did not climb","0","30","0","0","0","0","0","0","0","Did not climb","0","0","0","0","60","150","210","60","150","210","0","0","0","0","1"
steelcity,2026,2026paca,2026paca_qm15,15,3/20/2026 3:10:00 PM,blue,frc1511,"Depot Side","0","3","0","0","Did not climb","15","17","3","3","1","1","1","0","133","Did not climb","0","0","0","0","15","100","115","15","100","115","0","18","18","-133","1"
steelcity,2026,2026paca,2026paca_qm15,15,3/20/2026 3:10:00 PM,blue,frc3990,"Outpost Side","7","4","0","0","Did not climb","16","16","4","4","1","0","1","0","0","Did not climb","0","0","0","0","27","96","123","27","96","123","0","24","24","0","1"
steelcity,2026,2026paca,2026paca_qm15,15,3/20/2026 3:10:00 PM,red,frc4028,"Outpost Side","0","7","0","0","Did not climb","0","28","3","6","1","0","0","0","0","Did not climb","0","0","0","0","35","140","175","35","140","175","0","33","33","0","1"
steelcity,2026,2026paca,2026paca_qm15,15,3/20/2026 3:10:00 PM,red,frc2656,"Middle","0","2","1","0","Did not climb","0","10","3","0","0","0","0","0","138","Did not climb","0","0","0","0","10","50","60","10","50","60","1","3","4","-138","1"
steelcity,2026,2026paca,2026paca_qm15,15,3/20/2026 3:10:00 PM,blue,frc117,"Middle","0","0","0","0","Did not climb","7","0","0","0","0","0","1","0","0","Did not climb","0","0","0","0","0","7","7","0","7","7","0","0","0","0","1"
steelcity,2026,2026paca,2026paca_qm16,16,3/20/2026 3:20:00 PM,red,frc10582,"Outpost Side","0","0","0","0","Did not climb","0","0","0","0","0","0","0","0","0","Did not climb","1","1","0","0","0","0","0","0","0","0","0","0","0","0","0.5"
steelcity,2026,2026paca,2026paca_qm16,16,3/20/2026 3:20:00 PM,red,frc2641,"Middle","0","0","0","0","Did not climb","0","0","0","0","0","0","0","0","0","Did not climb","0","1","0","0","0","0","0","0","0","0","0","0","0","0","1.5"
steelcity,2026,2026paca,2026paca_qm16,16,3/20/2026 3:20:00 PM,red,frc11456,"Outpost Side","0","0","0","0","Did not climb","0","0","7","0","0","0","0","0","0","Did not climb","0","0","0","0","0","0","0","0","0","0","0","7","7","0","1"
steelcity,2026,2026paca,2026paca_qm16,16,3/20/2026 3:20:00 PM,blue,frc10517,"Outpost Side","0","0","0","0","Did not climb","1","0","0","0","0","0","1","0","0","Did not climb","0","0","0","0","0","1","1","0","1","1","0","0","0","0","1"
steelcity,2026,2026paca,2026paca_qm16,16,3/20/2026 3:20:00 PM,blue,frc10512,"Depot Side","0","0","0","0","Did not climb","0","0","3","2","1","0","1","0","0","Did not climb","0","0","0","0","0","0","0","0","0","0","0","13","13","0","1"
steelcity,2026,2026paca,2026paca_qm16,16,3/20/2026 3:20:00 PM,blue,frc7515,"Middle","0","0","0","0","L1","0","0","0","2","0","0","1","0","0","Did not climb","0","0","15","0","15","0","15","0","0","0","0","10","10","0","1"
steelcity,2026,2026paca,2026paca_qm17,17,3/20/2026 3:30:00 PM,blue,frc3324,"Middle","0","0","0","0","Did not climb","11","1","5","5","1","0","0","0","0","Did not climb","0","0","0","0","0","16","16","0","16","16","0","30","30","0","1"
steelcity,2026,2026paca,2026paca_qm17,17,3/20/2026 3:30:00 PM,blue,frc2234,"Outpost Side","0","0","0","0","Did not climb","0","2","3","0","0","0","0","0","0","Did not climb","0","0","0","0","0","10","10","0","10","10","0","3","3","0","1"
steelcity,2026,2026paca,2026paca_qm17,17,3/20/2026 3:30:00 PM,blue,frc4467,"Outpost Side","0","3","0","0","Did not climb","5","13","0","5","1","0","0","0","0","Did not climb","0","0","0","0","15","70","85","15","70","85","0","25","25","0","1"
steelcity,2026,2026paca,2026paca_qm17,17,3/20/2026 3:30:00 PM,red,frc4150,"Outpost Side","0","0","0","0","Did not climb","3","10","0","0","0","0","0","0","0","Did not climb","0","0","0","0","0","53","53","0","53","53","0","0","0","0","1"
steelcity,2026,2026paca,2026paca_qm17,17,3/20/2026 3:30:00 PM,red,frc10513,"Middle","0","0","0","0","Did not climb","0","0","0","0","1","0","1","0","0","Did not climb","0","0","0","0","0","0","0","0","0","0","0","0","0","0","1"
steelcity,2026,2026paca,2026paca_qm17,17,3/20/2026 3:30:00 PM,red,frc5740,"Middle","2","2","0","0","Did not climb","26","18","0","4","0","0","1","0","0","Did not climb","0","0","0","0","12","116","128","12","116","128","0","20","20","0","1"
steelcity,2026,2026paca,2026paca_qm18,18,3/20/2026 3:40:00 PM,red,frc4991,"Outpost Side","0","0","0","0","Did not climb","3","0","5","0","1","0","0","0","0","Did not climb","1","0","0","0","0","3","3","0","3","3","0","5","5","0","0"
steelcity,2026,2026paca,2026paca_qm18,18,3/20/2026 3:40:00 PM,red,frc9415,"Outpost Side","0","0","0","0","Did not climb","0","9","2","0","0","0","0","0","0","Did not climb","0","0","0","0","0","45","45","0","45","45","0","2","2","0","1"
steelcity,2026,2026paca,2026paca_qm18,18,3/20/2026 3:40:00 PM,red,frc5667,"Middle","0","0","0","0","Did not climb","6","10","0","3","1","1","1","0","0","Did not climb","0","0","0","0","0","56","56","0","56","56","0","15","15","0","1"
steelcity,2026,2026paca,2026paca_qm18,18,3/20/2026 3:40:00 PM,blue,frc63,"Middle","0","0","0","0","L1","10","5","0","0","0","0","0","0","0","Did not climb","0","0","15","0","15","35","50","0","35","35","0","0","0","0","1"
steelcity,2026,2026paca,2026paca_qm18,18,3/20/2026 3:40:00 PM,blue,frc9475,"Depot Side","0","0","0","0","Did not climb","0","0","0","0","0","0","1","0","0","Did not climb","0","0","0","0","0","0","0","0","0","0","0","0","0","0","1"
steelcity,2026,2026paca,2026paca_qm18,18,3/20/2026 3:40:00 PM,blue,frc3260,"Not There","0","0","0","0","Did not climb","0","0","0","0","0","0","0","0","0","Did not climb","0","0","0","0","0","0","0","0","0","0","0","0","0","0","1"
steelcity,2026,2026paca,2026paca_qm19,19,3/20/2026 4:50:00 PM,blue,frc7274,"Depot Side","0","0","0","0","Did not climb","0","0","0","0","0","0","0","0","0","Did not climb","1","1","0","0","0","0","0","0","0","0","0","0","0","0","0.5"
steelcity,2026,2026paca,2026paca_qm19,19,3/20/2026 4:50:00 PM,blue,frc6032,"Middle","3","1","0","0","Did not climb","10","1","0","0","0","0","0","0","0","Did not climb","0","0","0","0","8","15","23","8","15","23","0","0","0","0","1"
steelcity,2026,2026paca,2026paca_qm19,19,3/20/2026 4:50:00 PM,blue,frc1601,"Depot Side","14","0","0","0","Did not climb","18","0","25","0","1","0","0","0","0","Did not climb","0","0","0","0","14","18","32","14","18","32","0","25","25","0","1"
steelcity,2026,2026paca,2026paca_qm19,19,3/20/2026 4:50:00 PM,red,frc4027,"Middle","0","2","0","0","L1","0","19","0","3","1","0","0","0","0","Did not climb","0","0","15","0","25","95","120","10","95","105","0","15","15","0","1"
steelcity,2026,2026paca,2026paca_qm19,19,3/20/2026 4:50:00 PM,red,frc9406,"Depot Side","28","0","0","0","Did not climb","15","14","0","10","1","0","1","0","0","Did not climb","0","0","0","0","28","85","113","28","85","113","0","50","50","0","1"
steelcity,2026,2026paca,2026paca_qm19,19,3/20/2026 4:50:00 PM,red,frc9022,"Outpost Side","0","0","0","0","Did not climb","0","0","0","0","0","0","0","9","0","L1","0","0","0","10","0","0","10","0","0","0","0","0","0","9","1"
steelcity,2026,2026paca,2026paca_qm20,20,3/20/2026 5:00:00 PM,red,frc3015,"Depot Side","1","9","0","0","Did not climb","0","25","0","0","0","0","0","0","0","Did not climb","0","0","0","0","46","125","171","46","125","171","0","0","0","0","1"
steelcity,2026,2026paca,2026paca_qm20,20,3/20/2026 5:00:00 PM,red,frc1317,"Outpost Side","0","0","0","0","Did not climb","7","1","1","7","1","0","0","0","0","Did not climb","0","0","0","0","0","12","12","0","12","12","0","36","36","0","1"
steelcity,2026,2026paca,2026paca_qm20,20,3/20/2026 5:00:00 PM,red,frc10515,"Outpost Side","0","0","0","0","Did not climb","0","0","0","0","0","0","1","0","0","Did not climb","0","0","0","0","0","0","0","0","0","0","0","0","0","0","1"
steelcity,2026,2026paca,2026paca_qm20,20,3/20/2026 5:00:00 PM,blue,frc1816,"Outpost Side","0","0","0","0","Did not climb","4","4","0","0","1","1","1","0","0","Did not climb","0","0","0","0","0","24","24","0","24","24","0","0","0","0","1"
steelcity,2026,2026paca,2026paca_qm20,20,3/20/2026 5:00:00 PM,blue,frc4028,"Depot Side","0","5","0","0","Did not climb","0","35","0","0","0","0","0","0","0","Did not climb","0","0","0","0","25","175","200","25","175","200","0","0","0","0","1"
steelcity,2026,2026paca,2026paca_qm20,20,3/20/2026 5:00:00 PM,blue,frc709,"Middle","0","0","0","0","Did not climb","0","0","0","0","0","0","1","23","21","L2","0","0","0","20","0","0","20","0","0","0","0","0","0","2","1"
steelcity,2026,2026paca,2026paca_qm21,21,3/20/2026 5:10:00 PM,red,frc2095,"Outpost Side","0","0","0","0","Did not climb","0","0","12","4","1","0","1","0","0","Did not climb","0","0","0","0","0","0","0","0","0","0","0","32","32","0","1"
steelcity,2026,2026paca,2026paca_qm21,21,3/20/2026 5:10:00 PM,blue,frc3990,"Not There","20","52","0","0","Did not climb","0","0","0","0","1","0","0","0","0","Did not climb","0","0","0","0","280","0","280","280","0","280","0","0","0","0","1"
steelcity,2026,2026paca,2026paca_qm21,21,3/20/2026 5:10:00 PM,blue,frc340,"Depot Side","0","24","0","0","Did not climb","0","35","0","7","1","0","0","0","0","Did not climb","0","0","0","0","120","175","295","120","175","295","0","35","35","0","1"
steelcity,2026,2026paca,2026paca_qm21,21,3/20/2026 5:10:00 PM,blue,frc3504,"Middle","3","1","0","0","Did not climb","2","2","0","0","0","0","1","0","0","Did not climb","0","0","0","0","8","12","20","8","12","20","0","0","0","0","1"
steelcity,2026,2026paca,2026paca_qm21,21,3/20/2026 5:10:00 PM,red,frc2614,"Middle","0","0","0","0","Did not climb","0","0","0","0","0","0","0","0","0","Did not climb","1","0","0","0","0","0","0","0","0","0","0","0","0","0","0"
steelcity,2026,2026paca,2026paca_qm21,21,3/20/2026 5:10:00 PM,red,frc10517,"Depot Side","0","0","0","0","Did not climb","0","0","0","0","0","0","1","0","0","Did not climb","0","0","0","0","0","0","0","0","0","0","0","0","0","0","1"
steelcity,2026,2026paca,2026paca_qm22,22,3/20/2026 5:20:00 PM,red,frc10512,"Middle","0","5","0","0","Did not climb","0","0","0","0","1","0","0","0","0","Did not climb","0","0","0","0","25","0","25","25","0","25","0","0","0","0","1"
steelcity,2026,2026paca,2026paca_qm22,22,3/20/2026 5:20:00 PM,blue,frc10513,"Depot Side","0","0","0","0","Did not climb","0","0","0","0","0","0","1","0","0","Did not climb","0","0","0","0","0","0","0","0","0","0","0","0","0","0","1"
steelcity,2026,2026paca,2026paca_qm22,22,3/20/2026 5:20:00 PM,blue,frc8705,"Outpost Side","3","0","0","0","L1","0","2","0","0","0","0","0","0","0","L1","0","0","15","10","18","10","38","3","10","13","0","0","0","0","1"
steelcity,2026,2026paca,2026paca_qm22,22,3/20/2026 5:20:00 PM,blue,frc10300,"Middle","0","0","0","0","Did not climb","0","0","0","0","0","0","0","0","0","Did not climb","0","0","0","0","0","0","0","0","0","0","0","0","0","0","1"
steelcity,2026,2026paca,2026paca_qm22,22,3/20/2026 5:20:00 PM,red,frc2641,"Outpost Side","0","0","1","0","Did not climb","4","3","0","0","0","0","0","0","0","Did not climb","0","0","0","0","0","19","19","0","19","19","1","0","1","0","1"
steelcity,2026,2026paca,2026paca_qm22,22,3/20/2026 5:20:00 PM,red,frc10516,"Middle","0","0","0","0","Did not climb","0","0","4","2","1","0","0","0","0","Did not climb","0","0","0","0","0","0","0","0","0","0","0","14","14","0","1"
steelcity,2026,2026paca,2026paca_qm23,23,3/20/2026 5:30:00 PM,red,frc10582,"Depot Side","0","17","0","0","Did not climb","0","0","0","0","0","0","0","0","0","Did not climb","0","0","0","0","85","0","85","85","0","85","0","0","0","0","1"
steelcity,2026,2026paca,2026paca_qm23,23,3/20/2026 5:30:00 PM,red,frc4150,"Outpost Side","1","1","0","0","Did not climb","3","7","0","0","0","0","0","0","0","Did not climb","0","0","0","0","6","38","44","6","38","44","0","0","0","0","1"
steelcity,2026,2026paca,2026paca_qm23,23,3/20/2026 5:30:00 PM,red,frc2010,"Outpost Side","0","0","0","0","Did not climb","0","0","0","1","1","0","0","0","0","Did not climb","0","0","0","0","0","0","0","0","0","0","0","5","5","0","1"
steelcity,2026,2026paca,2026paca_qm23,23,3/20/2026 5:30:00 PM,blue,frc3484,"Middle","3","0","0","0","Did not climb","7","0","0","0","0","0","0","0","0","Did not climb","0","0","0","0","3","7","10","3","7","10","0","0","0","0","1"
steelcity,2026,2026paca,2026paca_qm23,23,3/20/2026 5:30:00 PM,blue,frc117,"Not There","0","6","0","0","Did not climb","8","23","3","6","1","0","0","0","0","Did not climb","0","0","0","0","30","123","153","30","123","153","0","33","33","0","1"
steelcity,2026,2026paca,2026paca_qm23,23,3/20/2026 5:30:00 PM,blue,frc4269,"Depot Side","3","2","0","0","Did not climb","3","7","0","0","0","0","0","0","0","Did not climb","0","0","0","0","13","38","51","13","38","51","0","0","0","0","1"
steelcity,2026,2026paca,2026paca_qm24,24,3/20/2026 5:40:00 PM,red,frc4050,"Depot Side","0","0","0","0","Did not climb","1","1","0","0","0","0","1","4","0","Did not climb","0","0","0","0","0","6","6","0","6","6","0","0","0","4","1"
steelcity,2026,2026paca,2026paca_qm24,24,3/20/2026 5:40:00 PM,blue,frc9653,"Middle","0","1","0","0","Did not climb","0","2","2","0","1","0","0","0","0","Did not climb","0","0","0","0","5","10","15","5","10","15","0","2","2","0","1"
steelcity,2026,2026paca,2026paca_qm24,24,3/20/2026 5:40:00 PM,blue,frc3173,"Depot Side","5","36","0","0","Did not climb","0","0","0","0","1","0","0","0","0","Did not climb","0","0","0","0","185","0","185","185","0","185","0","0","0","0","1"
steelcity,2026,2026paca,2026paca_qm24,24,3/20/2026 5:40:00 PM,red,frc2656,"Middle","3","0","0","0","Did not climb","8","3","0","0","0","0","0","0","0","Did not climb","0","0","0","0","3","23","26","3","23","26","0","0","0","0","1"
steelcity,2026,2026paca,2026paca_qm24,24,3/20/2026 5:40:00 PM,red,frc11456,"Outpost Side","0","1","0","0","Did not climb","0","0","2","3","1","0","0","0","0","Did not climb","1","0","0","0","5","0","5","5","0","5","0","17","17","0","0"
steelcity,2026,2026paca,2026paca_qm24,24,3/20/2026 5:40:00 PM,blue,frc4467,"Depot Side","3","5","0","2","Did not climb","0","10","7","17","1","0","0","0","0","Did not climb","0","0","0","0","28","50","78","28","50","78","10","92","102","0","1"
steelcity,2026,2026paca,2026paca_qm25,25,3/20/2026 5:50:00 PM,red,frc2234,"Middle","0","3","0","0","Did not climb","0","0","0","0","1","0","0","0","0","Did not climb","0","0","0","0","15","0","15","15","0","15","0","0","0","0","1"
steelcity,2026,2026paca,2026paca_qm25,25,3/20/2026 5:50:00 PM,red,frc1511,"Depot Side","0","4","0","0","Did not climb","4","18","0","0","0","0","0","0","0","Did not climb","0","0","0","0","20","94","114","20","94","114","0","0","0","0","1"
steelcity,2026,2026paca,2026paca_qm25,25,3/20/2026 5:50:00 PM,red,frc1708,"Outpost Side","0","0","0","0","Did not climb","4","9","3","7","1","0","0","0","0","Did not climb","0","0","0","0","0","49","49","0","49","49","0","38","38","0","1"
steelcity,2026,2026paca,2026paca_qm25,25,3/20/2026 5:50:00 PM,blue,frc7515,"Middle","1","0","0","0","Did not climb","0","0","0","2","1","0","1","13","4","L1","0","0","0","10","1","0","11","1","0","1","0","10","10","9","1"
steelcity,2026,2026paca,2026paca_qm25,25,3/20/2026 5:50:00 PM,blue,frc9642,"Not There","0","0","0","0","Did not climb","0","0","0","0","0","0","0","0","0","Did not climb","0","0","0","0","0","0","0","0","0","0","0","0","0","0","1"
steelcity,2026,2026paca,2026paca_qm25,25,3/20/2026 5:50:00 PM,blue,frc451,"Outpost Side","0","0","0","0","Did not climb","0","0","0","4","1","0","0","0","0","Did not climb","0","0","0","0","0","0","0","0","0","0","0","20","20","0","1"
steelcity,2026,2026paca,2026paca_qm26,26,3/20/2026 6:00:00 PM,blue,frc1816,"Outpost Side","0","0","0","0","Did not climb","0","7","0","0","0","0","1","0","0","Did not climb","0","0","0","0","0","35","35","0","35","35","0","0","0","0","1"
steelcity,2026,2026paca,2026paca_qm26,26,3/20/2026 6:00:00 PM,blue,frc1601,"Depot Side","0","3","0","0","Did not climb","4","4","0","5","0","0","0","0","0","Did not climb","0","0","0","0","15","24","39","15","24","39","0","25","25","0","1"
steelcity,2026,2026paca,2026paca_qm26,26,3/20/2026 6:00:00 PM,blue,frc9406,"Depot Side","0","0","0","0","Did not climb","20","2","10","4","1","0","0","0","0","Did not climb","0","0","0","0","0","30","30","0","30","30","0","30","30","0","1"
steelcity,2026,2026paca,2026paca_qm26,26,3/20/2026 6:00:00 PM,red,frc5667,"Middle","1","1","0","0","Did not climb","3","0","0","3","0","0","1","0","0","Did not climb","0","0","0","0","6","3","9","6","3","9","0","15","15","0","1"
steelcity,2026,2026paca,2026paca_qm26,26,3/20/2026 6:00:00 PM,red,frc2614,"Middle","0","0","0","0","Did not climb","0","0","0","0","0","0","0","0","0","Did not climb","1","0","0","0","0","0","0","0","0","0","0","0","0","0","0"
steelcity,2026,2026paca,2026paca_qm26,26,3/20/2026 6:00:00 PM,red,frc709,"Outpost Side","0","0","0","0","L1","0","0","0","0","0","0","1","40","15","L1","0","0","15","10","15","0","25","0","0","0","0","0","0","25","1"
steelcity,2026,2026paca,2026paca_qm27,27,3/20/2026 6:10:00 PM,red,frc3324,"Depot Side","0","0","0","0","Did not climb","0","2","0","0","1","0","0","0","0","Did not climb","1","0","0","0","0","10","10","0","10","10","0","0","0","0","0"
steelcity,2026,2026paca,2026paca_qm27,27,3/20/2026 6:10:00 PM,red,frc3504,"Depot Side","0","0","0","0","Did not climb","1","3","0","0","0","0","1","0","0","Did not climb","0","0","0","0","0","16","16","0","16","16","0","0","0","0","1"
steelcity,2026,2026paca,2026paca_qm27,27,3/20/2026 6:10:00 PM,red,frc3015,"Depot Side","17","52","0","0","Did not climb","0","0","0","0","1","0","0","0","0","Did not climb","0","0","0","0","277","0","277","277","0","277","0","0","0","0","1"
steelcity,2026,2026paca,2026paca_qm27,27,3/20/2026 6:10:00 PM,blue,frc1317,"Depot Side","3","1","0","0","Did not climb","4","1","1","7","1","0","0","8","0","Did not climb","0","0","0","0","8","9","17","8","9","17","0","36","36","8","1"
steelcity,2026,2026paca,2026paca_qm27,27,3/20/2026 6:10:00 PM,blue,frc7274,"Middle","3","1","0","0","Did not climb","0","0","0","0","0","0","1","0","0","Did not climb","0","1","0","0","8","0","8","8","0","8","0","0","0","0","1.5"
steelcity,2026,2026paca,2026paca_qm27,27,3/20/2026 6:10:00 PM,blue,frc2641,"Depot Side","0","0","0","0","Did not climb","3","0","4","0","0","0","0","0","0","Did not climb","0","0","0","0","0","3","3","0","3","3","0","4","4","0","1"
steelcity,2026,2026paca,2026paca_qm28,28,3/20/2026 6:20:00 PM,blue,frc10513,"Not There","0","0","0","0","Did not climb","2","0","0","0","0","0","0","0","0","Did not climb","0","0","0","0","0","2","2","0","2","2","0","0","0","0","1"
steelcity,2026,2026paca,2026paca_qm28,28,3/20/2026 6:20:00 PM,blue,frc63,"Middle","0","1","0","0","Did not climb","0","0","4","7","1","0","1","12","4","L1","0","0","0","10","5","0","15","5","0","5","0","39","39","8","1"
steelcity,2026,2026paca,2026paca_qm28,28,3/20/2026 6:20:00 PM,blue,frc340,"Outpost Side","0","13","0","0","Did not climb","0","32","0","11","1","0","0","0","0","Did not climb","0","0","0","0","65","160","225","65","160","225","0","55","55","0","1"
steelcity,2026,2026paca,2026paca_qm28,28,3/20/2026 6:20:00 PM,red,frc3484,"Not There","0","0","0","0","Did not climb","0","0","13","16","1","0","1","0","0","Did not climb","0","0","0","0","0","0","0","0","0","0","0","93","93","0","1"
steelcity,2026,2026paca,2026paca_qm28,28,3/20/2026 6:20:00 PM,red,frc4027,"Depot Side","0","0","0","0","L1","0","22","0","1","1","0","0","0","0","Did not climb","0","1","15","0","15","110","125","0","110","110","0","5","5","0","1.5"
steelcity,2026,2026paca,2026paca_qm28,28,3/20/2026 6:20:00 PM,red,frc9475,"Depot Side","0","0","0","0","Did not climb","0","0","0","0","0","0","1","0","0","Did not climb","1","0","0","0","0","0","0","0","0","0","0","0","0","0","0"
steelcity,2026,2026paca,2026paca_qm29,29,3/20/2026 6:30:00 PM,red,frc4269,"Not There","0","0","0","0","Did not climb","5","8","0","0","0","0","0","0","0","Did not climb","0","0","0","0","0","45","45","0","45","45","0","0","0","0","1"
steelcity,2026,2026paca,2026paca_qm29,29,3/20/2026 6:30:00 PM,red,frc10512,"Middle","0","0","0","0","Did not climb","0","0","12","11","1","0","1","0","0","Did not climb","0","0","0","0","0","0","0","0","0","0","0","67","67","0","1"
steelcity,2026,2026paca,2026paca_qm29,29,3/20/2026 6:30:00 PM,red,frc4050,"Not There","7","0","0","0","Did not climb","30","4","4","2","1","0","0","0","0","Did not climb","0","0","0","0","7","50","57","7","50","57","0","14","14","0","1"
steelcity,2026,2026paca,2026paca_qm29,29,3/20/2026 6:30:00 PM,blue,frc3990,"Outpost Side","0","6","0","0","Did not climb","6","27","2","9","1","0","0","0","0","Did not climb","0","0","0","0","30","141","171","30","141","171","0","47","47","0","1"
steelcity,2026,2026paca,2026paca_qm29,29,3/20/2026 6:30:00 PM,blue,frc3260,"Depot Side","0","2","0","0","Did not climb","0","9","0","1","1","0","0","0","0","Did not climb","0","0","0","0","10","45","55","10","45","55","0","5","5","0","1"
steelcity,2026,2026paca,2026paca_qm29,29,3/20/2026 6:30:00 PM,blue,frc2656,"Middle","1","1","0","0","Did not climb","4","5","0","0","0","0","0","0","0","Did not climb","0","0","0","0","6","29","35","6","29","35","0","0","0","0","1"
steelcity,2026,2026paca,2026paca_qm30,30,3/20/2026 6:40:00 PM,red,frc4991,"Depot Side","0","0","0","0","Did not climb","2","0","0","1","1","0","0","0","0","Did not climb","1","1","0","0","0","2","2","0","2","2","0","5","5","0","0.5"
steelcity,2026,2026paca,2026paca_qm30,30,3/20/2026 6:40:00 PM,red,frc10517,"Middle","0","0","3","1","Did not climb","0","0","0","0","1","0","1","0","0","Did not climb","0","0","0","0","0","0","0","0","0","0","8","0","8","0","1"
steelcity,2026,2026paca,2026paca_qm30,30,3/20/2026 6:40:00 PM,red,frc5740,"Outpost Side","0","1","0","0","Did not climb","0","15","0","0","0","0","1","0","0","Did not climb","0","0","0","0","5","75","80","5","75","80","0","0","0","0","1"
steelcity,2026,2026paca,2026paca_qm30,30,3/20/2026 6:40:00 PM,blue,frc9415,"Depot Side","0","0","0","0","Did not climb","15","4","0","2","0","0","0","0","0","Did not climb","0","0","0","0","0","35","35","0","35","35","0","10","10","0","1"
steelcity,2026,2026paca,2026paca_qm30,30,3/20/2026 6:40:00 PM,blue,frc9022,"Not There","0","0","0","0","Did not climb","0","4","0","0","1","0","0","0","0","Did not climb","0","0","0","0","0","20","20","0","20","20","0","0","0","0","1"
steelcity,2026,2026paca,2026paca_qm30,30,3/20/2026 6:40:00 PM,blue,frc1511,"Depot Side","0","1","0","0","Did not climb","1","12","0","0","0","0","0","0","0","Did not climb","0","0","0","0","5","61","66","5","61","66","0","0","0","0","1"
steelcity,2026,2026paca,2026paca_qm31,31,3/20/2026 6:50:00 PM,red,frc117,"Outpost Side","0","0","0","1","Did not climb","5","19","0","0","0","0","1","0","0","Did not climb","0","0","0","0","0","100","100","0","100","100","5","0","5","0","1"
steelcity,2026,2026paca,2026paca_qm31,31,3/20/2026 6:50:00 PM,blue,frc9653,"Not There","0","0","0","0","Did not climb","4","0","0","0","0","0","0","0","0","Did not climb","1","0","0","0","0","4","4","0","4","4","0","0","0","0","0"
steelcity,2026,2026paca,2026paca_qm31,31,3/20/2026 6:50:00 PM,blue,frc10300,"Depot Side","3","0","0","0","Did not climb","0","0","0","0","0","0","0","0","0","Did not climb","0","0","0","0","3","0","3","3","0","3","0","0","0","0","1"
steelcity,2026,2026paca,2026paca_qm31,31,3/20/2026 6:50:00 PM,blue,frc2234,"Depot Side","0","0","0","0","Did not climb","2","0","0","0","1","0","0","0","0","Did not climb","0","0","0","0","0","2","2","0","2","2","0","0","0","0","1"
steelcity,2026,2026paca,2026paca_qm31,31,3/20/2026 6:50:00 PM,red,frc3173,"Depot Side","3","1","0","0","Did not climb","1","13","3","4","1","0","0","0","0","Did not climb","0","0","0","0","8","66","74","8","66","74","0","23","23","0","1"
steelcity,2026,2026paca,2026paca_qm31,31,3/20/2026 6:50:00 PM,red,frc7515,"Middle","3","0","0","0","Did not climb","0","0","0","0","0","1","1","0","0","Did not climb","0","0","0","0","3","0","3","3","0","3","0","0","0","0","1"
steelcity,2026,2026paca,2026paca_qm32,32,3/20/2026 7:00:00 PM,red,frc451,"Outpost Side","0","0","0","0","Did not climb","4","1","0","0","0","0","0","0","0","Did not climb","0","0","0","0","0","9","9","0","9","9","0","0","0","0","1"
steelcity,2026,2026paca,2026paca_qm32,32,3/20/2026 7:00:00 PM,red,frc10582,"Middle","0","0","0","0","Did not climb","0","2","0","0","0","0","0","0","0","Did not climb","0","0","0","0","0","10","10","0","10","10","0","0","0","0","1"
steelcity,2026,2026paca,2026paca_qm32,32,3/20/2026 7:00:00 PM,red,frc1708,"Outpost Side","0","0","0","0","Did not climb","3","10","0","0","0","0","0","0","0","Did not climb","0","0","0","0","0","53","53","0","53","53","0","0","0","0","1"
steelcity,2026,2026paca,2026paca_qm32,32,3/20/2026 7:00:00 PM,blue,frc11456,"Depot Side","0","1","0","0","Did not climb","0","0","2","3","1","0","0","0","0","Did not climb","0","0","0","0","5","0","5","5","0","5","0","17","17","0","1"
steelcity,2026,2026paca,2026paca_qm32,32,3/20/2026 7:00:00 PM,blue,frc8705,"Middle","2","2","0","0","L1","3","1","0","0","1","0","0","0","0","L1","0","0","15","10","27","8","45","12","8","20","0","0","0","0","1"
steelcity,2026,2026paca,2026paca_qm32,32,3/20/2026 7:00:00 PM,blue,frc10515,"Outpost Side","0","0","0","0","Did not climb","0","0","0","0","0","0","1","0","0","Did not climb","0","0","0","0","0","0","0","0","0","0","0","0","0","0","1"
steelcity,2026,2026paca,2026paca_qm33,33,3/20/2026 7:10:00 PM,blue,frc10516,"Middle","0","0","0","0","Did not climb","5","1","0","0","0","0","0","0","0","Did not climb","0","0","0","0","0","10","10","0","10","10","0","0","0","0","1"
steelcity,2026,2026paca,2026paca_qm33,33,3/20/2026 7:10:00 PM,blue,frc4028,"Depot Side","2","6","0","0","Did not climb","29","19","10","11","0","1","0","0","150","Did not climb","0","0","0","0","32","124","156","32","124","156","0","65","65","-150","1"
steelcity,2026,2026paca,2026paca_qm33,33,3/20/2026 7:10:00 PM,red,frc9642,"Middle","0","0","0","0","Did not climb","0","0","0","0","0","0","1","0","0","Did not climb","0","0","0","0","0","0","0","0","0","0","0","0","0","0","1"
steelcity,2026,2026paca,2026paca_qm33,33,3/20/2026 7:10:00 PM,red,frc4467,"Outpost Side","3","4","0","0","Did not climb","15","17","2","4","1","0","0","0","0","Did not climb","0","0","0","0","23","100","123","23","100","123","0","22","22","0","1"
steelcity,2026,2026paca,2026paca_qm33,33,3/20/2026 7:10:00 PM,red,frc2010,"Middle","0","0","0","0","Did not climb","0","0","0","0","0","0","1","0","0","Did not climb","0","0","0","0","0","0","0","0","0","0","0","0","0","0","1"
steelcity,2026,2026paca,2026paca_qm33,33,3/20/2026 7:10:00 PM,blue,frc2095,"Outpost Side","0","0","0","0","Did not climb","0","0","0","0","0","0","1","0","0","Did not climb","0","0","0","0","0","0","0","0","0","0","0","0","0","0","1"
steelcity,2026,2026paca,2026paca_qm34,34,3/20/2026 7:20:00 PM,red,frc4150,"Middle","0","0","0","0","Did not climb","10","0","0","0","0","0","0","0","0","Did not climb","0","0","0","0","0","10","10","0","10","10","0","0","0","0","1"
steelcity,2026,2026paca,2026paca_qm34,34,3/20/2026 7:20:00 PM,red,frc3015,"Depot Side","3","1","0","0","Did not climb","0","27","3","5","1","0","0","0","0","Did not climb","0","0","0","0","8","135","143","8","135","143","0","28","28","0","1"
steelcity,2026,2026paca,2026paca_qm34,34,3/20/2026 7:20:00 PM,red,frc1601,"Depot Side","2","3","0","0","Did not climb","5","9","0","0","0","0","0","0","0","Did not climb","0","0","0","0","17","50","67","17","50","67","0","0","0","0","1"
steelcity,2026,2026paca,2026paca_qm34,34,3/20/2026 7:20:00 PM,blue,frc6032,"Middle","0","0","0","0","Did not climb","4","6","0","0","0","0","0","0","0","Did not climb","1","0","0","0","0","34","34","0","34","34","0","0","0","0","0"
steelcity,2026,2026paca,2026paca_qm34,34,3/20/2026 7:20:00 PM,blue,frc63,"Middle","0","0","0","0","Did not climb","4","4","3","0","0","0","0","17","11","L1","0","0","0","10","0","24","34","0","24","24","0","3","3","6","1"
steelcity,2026,2026paca,2026paca_qm34,34,3/20/2026 7:20:00 PM,blue,frc4050,"Outpost Side","1","1","0","0","Did not climb","0","1","0","0","1","0","0","28","12","L1","0","0","0","10","6","5","21","6","5","11","0","0","0","16","1"
steelcity,2026,2026paca,2026paca_qm35,35,3/20/2026 7:30:00 PM,blue,frc3484,"Middle","0","0","0","0","Did not climb","6","7","0","0","0","0","0","0","0","Did not climb","0","0","0","0","0","41","41","0","41","41","0","0","0","0","1"
steelcity,2026,2026paca,2026paca_qm35,35,3/20/2026 7:30:00 PM,blue,frc3324,"Depot Side","0","0","0","0","Did not climb","7","6","0","0","0","0","0","0","0","Did not climb","0","0","0","0","0","37","37","0","37","37","0","0","0","0","1"
steelcity,2026,2026paca,2026paca_qm35,35,3/20/2026 7:30:00 PM,blue,frc10512,"Depot Side","0","0","0","0","Did not climb","2","0","0","0","1","0","0","0","0","Did not climb","0","0","0","0","0","2","2","0","2","2","0","0","0","0","1"
steelcity,2026,2026paca,2026paca_qm35,35,3/20/2026 7:30:00 PM,red,frc2614,"Not There","3","1","0","0","Did not climb","0","13","4","5","0","0","0","0","0","Did not climb","0","0","0","0","8","65","73","8","65","73","0","29","29","0","1"
steelcity,2026,2026paca,2026paca_qm35,35,3/20/2026 7:30:00 PM,red,frc1511,"Depot Side","0","4","0","0","Did not climb","7","16","0","2","1","0","0","0","0","Did not climb","0","0","0","0","20","87","107","20","87","107","0","10","10","0","1"
steelcity,2026,2026paca,2026paca_qm35,35,3/20/2026 7:30:00 PM,red,frc4027,"Outpost Side","3","1","0","0","L1","0","20","0","6","1","0","0","0","0","Did not climb","0","0","15","0","23","100","123","8","100","108","0","30","30","0","1"
steelcity,2026,2026paca,2026paca_qm36,36,3/20/2026 7:40:00 PM,red,frc7515,"Middle","0","0","0","0","Did not climb","5","3","0","0","0","0","0","0","0","Did not climb","1","0","0","0","0","20","20","0","20","20","0","0","0","0","0"
steelcity,2026,2026paca,2026paca_qm36,36,3/20/2026 7:40:00 PM,red,frc3990,"Outpost Side","0","7","0","0","Did not climb","11","16","5","6","1","0","0","0","0","Did not climb","0","0","0","0","35","91","126","35","91","126","0","35","35","0","1"
steelcity,2026,2026paca,2026paca_qm36,36,3/20/2026 7:40:00 PM,red,frc2234,"Outpost Side","2","0","0","0","Did not climb","2","3","0","0","0","0","0","0","0","Did not climb","1","1","0","0","2","17","19","2","17","19","0","0","0","0","0.5"
steelcity,2026,2026paca,2026paca_qm36,36,3/20/2026 7:40:00 PM,blue,frc9475,"Middle","0","0","0","0","Did not climb","0","0","0","1","1","0","0","0","0","Did not climb","0","1","0","0","0","0","0","0","0","0","0","5","5","0","1.5"
steelcity,2026,2026paca,2026paca_qm36,36,3/20/2026 7:40:00 PM,blue,frc1816,"Depot Side","3","0","0","0","Did not climb","10","20","0","0","0","0","1","0","127","Did not climb","0","0","0","0","3","110","113","3","110","113","0","0","0","-127","1"
steelcity,2026,2026paca,2026paca_qm36,36,3/20/2026 7:40:00 PM,blue,frc9022,"Not There","0","0","0","0","Did not climb","2","6","0","0","0","0","0","0","0","L1","0","0","0","10","0","32","42","0","32","32","0","0","0","0","1"
steelcity,2026,2026paca,2026paca_qm37,37,3/20/2026 7:50:00 PM,red,frc340,"Middle","2","5","0","0","Did not climb","1","18","2","4","1","0","0","0","0","Did not climb","0","0","0","0","27","91","118","27","91","118","0","22","22","0","1"
steelcity,2026,2026paca,2026paca_qm37,37,3/20/2026 7:50:00 PM,red,frc9653,"Outpost Side","0","0","0","0","Did not climb","0","0","0","0","0","0","0","0","0","Did not climb","0","0","0","0","0","0","0","0","0","0","0","0","0","0","1"
steelcity,2026,2026paca,2026paca_qm37,37,3/20/2026 7:50:00 PM,red,frc7274,"Middle","3","1","0","0","Did not climb","0","0","0","0","0","0","1","0","0","Did not climb","0","0","0","0","8","0","8","8","0","8","0","0","0","0","1"
steelcity,2026,2026paca,2026paca_qm37,37,3/20/2026 7:50:00 PM,blue,frc709,"Outpost Side","0","0","0","0","L1","0","0","0","0","0","0","1","30","14","L2","0","0","15","20","15","0","35","0","0","0","0","0","0","16","1"
steelcity,2026,2026paca,2026paca_qm37,37,3/20/2026 7:50:00 PM,blue,frc4991,"Depot Side","0","1","0","0","Did not climb","4","0","0","0","0","0","0","0","0","Did not climb","1","0","0","0","5","4","9","5","4","9","0","0","0","0","0"
steelcity,2026,2026paca,2026paca_qm37,37,3/20/2026 7:50:00 PM,blue,frc10582,"Outpost Side","0","0","0","0","Did not climb","8","4","0","0","0","0","0","0","0","Did not climb","0","0","0","0","0","28","28","0","28","28","0","0","0","0","1"
steelcity,2026,2026paca,2026paca_qm38,38,3/20/2026 8:00:00 PM,red,frc3260,"Not There","0","0","0","0","Did not climb","0","0","0","0","0","0","0","0","0","Did not climb","0","0","0","0","0","0","0","0","0","0","0","0","0","0","1"